1,1_Answer8,1
1,1_Answer1,1
1,1_Answer3,1
1,1_Answer4,1
1,1_Answer2,0
1,1_Answer6,0
1,1_Answer7,0
2,2_Answer4,1
2,2_Answer3,1
2,2_Answer1,1
2,2_Answer2,0
3,3_Answer9,1
3,3_Answer11,1
3,3_Answer2,1
3,3_Answer5,1
3,3_Answer4,1
3,3_Answer7,1
3,3_Answer3,1
3,3_Answer10,0
3,3_Answer8,0
3,3_Answer6,0
5,5_Answer7,1
5,5_Answer5,0
5,5_Answer6,0
5,5_Answer1,0
5,5_Answer2,0
5,5_Answer9,0
5,5_Answer4,0
6,6_Answer3,1
6,6_Answer7,0
6,6_Answer8,0
6,6_Answer9,0
6,6_Answer6,0
6,6_Answer4,0
6,6_Answer5,0
6,6_Answer1,0
6,6_Answer2,0
7,7_Answer1,1
7,7_Answer3,1
7,7_Answer2,1
7,7_Answer4,1
7,7_Answer6,0
7,7_Answer5,0
7,7_Answer7,0
8,8_Answer2,1
8,8_Answer3,0
8,8_Answer1,0
10,10_Answer7,1
10,10_Answer8,1
10,10_Answer6,1
10,10_Answer3,1
10,10_Answer4,0
10,10_Answer1,0
10,10_Answer5,0
10,10_Answer2,0
12,12_Answer2,1
12,12_Answer5,0
12,12_Answer3,0
12,12_Answer1,0
12,12_Answer4,0
13,13_Answer1,1
13,13_Answer4,1
13,13_Answer2,1
13,13_Answer3,0
14,14_Answer2,1
14,14_Answer1,1
15,15_Answer9,1
15,15_Answer3,1
15,15_Answer1,1
15,15_Answer4,1
15,15_Answer2,1
15,15_Answer5,1
15,15_Answer6,1
15,15_Answer7,1
15,15_Answer8,0
16,16_Answer2,1
16,16_Answer1,1
16,16_Answer5,1
16,16_Answer4,1
16,16_Answer3,1
17,17_Answer1,1
17,17_Answer4,1
17,17_Answer3,1
17,17_Answer5,0
18,18_Answer1,1
18,18_Answer5,0
18,18_Answer4,0
18,18_Answer2,0
18,18_Answer3,0
19,19_Answer4,1
19,19_Answer2,1
19,19_Answer1,1
19,19_Answer7,1
19,19_Answer3,0
19,19_Answer6,0
21,21_Answer3,1
21,21_Answer9,1
21,21_Answer2,1
21,21_Answer4,1
21,21_Answer5,1
21,21_Answer6,0
21,21_Answer1,0
21,21_Answer7,0
21,21_Answer8,0
22,22_Answer1,0
22,22_Answer2,0
22,22_Answer3,0
22,22_Answer4,0
23,23_Answer5,1
23,23_Answer2,1
23,23_Answer4,0
23,23_Answer1,0
24,24_Answer3,1
24,24_Answer1,1
24,24_Answer2,1
25,25_Answer1,1
25,25_Answer3,1
25,25_Answer6,0
25,25_Answer2,0
25,25_Answer4,0
25,25_Answer5,0
27,27_Answer5,1
27,27_Answer4,1
27,27_Answer2,0
27,27_Answer1,0
27,27_Answer3,0
28,28_Answer2,1
28,28_Answer3,1
28,28_Answer5,1
28,28_Answer1,0
28,28_Answer4,0
29,29_Answer3,1
29,29_Answer5,1
29,29_Answer6,1
29,29_Answer7,1
29,29_Answer1,0
29,29_Answer4,0
29,29_Answer2,0
30,30_Answer2,1
30,30_Answer3,1
30,30_Answer6,1
30,30_Answer1,1
30,30_Answer8,0
30,30_Answer4,0
30,30_Answer9,0
30,30_Answer5,0
30,30_Answer7,0
31,31_Answer1,0
31,31_Answer3,0
31,31_Answer2,0
31,31_Answer6,0
31,31_Answer4,0
32,32_Answer3,1
32,32_Answer2,1
32,32_Answer1,1
32,32_Answer6,1
32,32_Answer7,1
32,32_Answer4,1
32,32_Answer8,1
32,32_Answer5,0
33,33_Answer6,1
33,33_Answer1,1
33,33_Answer8,1
33,33_Answer10,1
33,33_Answer5,1
33,33_Answer3,1
33,33_Answer9,0
33,33_Answer7,0
33,33_Answer2,0
36,36_Answer10,1
36,36_Answer9,1
36,36_Answer7,1
36,36_Answer5,1
36,36_Answer4,1
36,36_Answer2,1
36,36_Answer1,1
36,36_Answer11,1
36,36_Answer3,0
36,36_Answer6,0
38,38_Answer8,1
38,38_Answer10,1
38,38_Answer5,1
38,38_Answer6,1
38,38_Answer7,1
38,38_Answer3,1
38,38_Answer4,0
38,38_Answer1,0
38,38_Answer2,0
38,38_Answer9,0
39,39_Answer5,1
39,39_Answer6,1
39,39_Answer4,1
39,39_Answer3,1
39,39_Answer1,1
39,39_Answer2,0
40,40_Answer8,1
40,40_Answer2,1
40,40_Answer6,1
40,40_Answer5,1
40,40_Answer1,0
40,40_Answer9,0
40,40_Answer4,0
40,40_Answer3,0
40,40_Answer7,0
41,41_Answer8,1
41,41_Answer7,1
41,41_Answer3,1
41,41_Answer1,1
41,41_Answer4,1
41,41_Answer5,1
41,41_Answer2,1
41,41_Answer9,1
41,41_Answer10,0
41,41_Answer6,0
42,42_Answer3,1
42,42_Answer4,1
42,42_Answer1,1
42,42_Answer5,0
42,42_Answer2,0
43,43_Answer11,1
43,43_Answer5,1
43,43_Answer3,1
43,43_Answer8,1
43,43_Answer7,1
43,43_Answer4,1
43,43_Answer9,1
43,43_Answer2,1
43,43_Answer10,0
43,43_Answer1,0
43,43_Answer6,0
45,45_Answer4,1
45,45_Answer1,1
45,45_Answer7,1
45,45_Answer3,1
45,45_Answer5,1
45,45_Answer6,1
45,45_Answer2,0
46,46_Answer1,1
46,46_Answer9,0
46,46_Answer3,0
46,46_Answer5,0
46,46_Answer10,0
46,46_Answer6,0
46,46_Answer4,0
46,46_Answer7,0
46,46_Answer8,0
46,46_Answer2,0
47,47_Answer3,1
47,47_Answer4,1
47,47_Answer2,0
47,47_Answer7,0
47,47_Answer1,0
47,47_Answer5,0
47,47_Answer6,0
47,47_Answer8,0
49,49_Answer1,1
49,49_Answer2,0
49,49_Answer3,0
49,49_Answer6,0
49,49_Answer4,0
49,49_Answer5,0
54,54_Answer1,1
54,54_Answer10,1
54,54_Answer9,1
54,54_Answer3,1
54,54_Answer8,1
54,54_Answer4,1
54,54_Answer7,1
54,54_Answer5,0
54,54_Answer6,0
54,54_Answer2,0
55,55_Answer4,1
55,55_Answer6,1
55,55_Answer1,1
55,55_Answer2,1
55,55_Answer3,1
56,56_Answer1,1
56,56_Answer5,1
56,56_Answer4,1
56,56_Answer3,0
57,57_Answer3,1
57,57_Answer1,1
57,57_Answer2,0
58,58_Answer1,1
58,58_Answer4,1
58,58_Answer2,1
58,58_Answer3,1
58,58_Answer7,0
58,58_Answer6,0
58,58_Answer5,0
59,59_Answer1,1
59,59_Answer3,1
59,59_Answer2,1
59,59_Answer6,1
59,59_Answer4,1
59,59_Answer5,1
59,59_Answer7,1
60,60_Answer5,1
60,60_Answer3,1
60,60_Answer4,1
60,60_Answer1,0
60,60_Answer8,0
60,60_Answer6,0
60,60_Answer2,0
61,61_Answer4,1
61,61_Answer1,1
61,61_Answer3,1
61,61_Answer2,0
61,61_Answer5,0
62,62_Answer7,1
62,62_Answer3,1
62,62_Answer1,1
62,62_Answer5,1
62,62_Answer2,1
62,62_Answer6,1
62,62_Answer4,0
64,64_Answer1,1
64,64_Answer3,1
64,64_Answer4,0
64,64_Answer2,0
66,66_Answer3,0
66,66_Answer2,0
66,66_Answer4,0
66,66_Answer1,0
66,66_Answer8,0
66,66_Answer5,0
66,66_Answer6,0
66,66_Answer9,0
66,66_Answer7,0
67,67_Answer5,1
67,67_Answer7,1
67,67_Answer4,0
67,67_Answer6,0
67,67_Answer2,0
67,67_Answer3,0
67,67_Answer1,0
68,68_Answer8,1
68,68_Answer3,1
68,68_Answer2,1
68,68_Answer7,1
68,68_Answer4,1
68,68_Answer5,1
68,68_Answer6,1
68,68_Answer1,0
70,70_Answer4,1
70,70_Answer6,1
70,70_Answer1,0
70,70_Answer7,0
70,70_Answer5,0
70,70_Answer2,0
71,71_Answer4,0
71,71_Answer2,0
71,71_Answer5,0
71,71_Answer3,0
71,71_Answer1,0
72,72_Answer4,1
72,72_Answer7,1
72,72_Answer9,1
72,72_Answer8,1
72,72_Answer2,1
72,72_Answer3,1
72,72_Answer5,1
72,72_Answer6,1
72,72_Answer1,1
73,73_Answer1,1
73,73_Answer4,1
73,73_Answer3,1
73,73_Answer2,0
74,74_Answer10,1
74,74_Answer8,1
74,74_Answer6,1
74,74_Answer4,1
74,74_Answer3,1
74,74_Answer2,1
74,74_Answer1,0
74,74_Answer7,0
74,74_Answer5,0
74,74_Answer9,0
74,74_Answer11,0
75,75_Answer1,1
75,75_Answer4,1
75,75_Answer6,1
75,75_Answer7,1
75,75_Answer2,1
75,75_Answer3,0
75,75_Answer5,0
76,76_Answer1,1
76,76_Answer11,1
76,76_Answer9,1
76,76_Answer5,1
76,76_Answer8,0
76,76_Answer7,0
76,76_Answer2,0
76,76_Answer3,0
76,76_Answer4,0
76,76_Answer6,0
76,76_Answer10,0
78,78_Answer3,1
78,78_Answer9,1
78,78_Answer8,1
78,78_Answer2,1
78,78_Answer5,0
78,78_Answer7,0
78,78_Answer6,0
78,78_Answer4,0
78,78_Answer1,0
79,79_Answer1,1
79,79_Answer6,0
79,79_Answer7,0
79,79_Answer5,0
79,79_Answer2,0
79,79_Answer3,0
79,79_Answer4,0
81,81_Answer4,1
81,81_Answer3,1
81,81_Answer6,1
81,81_Answer5,1
81,81_Answer7,1
81,81_Answer2,1
81,81_Answer1,0
82,82_Answer1,1
82,82_Answer4,1
82,82_Answer3,1
82,82_Answer2,0
84,84_Answer3,1
84,84_Answer5,1
84,84_Answer1,0
84,84_Answer9,0
84,84_Answer2,0
84,84_Answer6,0
84,84_Answer4,0
84,84_Answer8,0
85,85_Answer5,0
85,85_Answer1,0
85,85_Answer7,0
85,85_Answer3,0
85,85_Answer2,0
85,85_Answer8,0
85,85_Answer4,0
85,85_Answer6,0
86,86_Answer4,1
86,86_Answer3,1
86,86_Answer8,1
86,86_Answer9,1
86,86_Answer6,0
86,86_Answer7,0
86,86_Answer2,0
86,86_Answer5,0
86,86_Answer1,0
90,90_Answer2,1
90,90_Answer1,0
91,91_Answer2,1
91,91_Answer1,1
92,92_Answer2,1
92,92_Answer5,1
92,92_Answer3,1
92,92_Answer1,1
92,92_Answer7,1
92,92_Answer4,1
92,92_Answer6,1
92,92_Answer9,0
92,92_Answer8,0
93,93_Answer8,1
93,93_Answer1,0
93,93_Answer11,0
93,93_Answer4,0
93,93_Answer5,0
93,93_Answer6,0
93,93_Answer9,0
93,93_Answer10,0
93,93_Answer3,0
93,93_Answer7,0
95,95_Answer1,1
95,95_Answer5,1
95,95_Answer3,1
95,95_Answer7,1
95,95_Answer8,1
95,95_Answer6,1
95,95_Answer4,1
95,95_Answer2,1
95,95_Answer9,0
97,97_Answer1,1
97,97_Answer8,1
97,97_Answer2,1
97,97_Answer4,1
97,97_Answer5,1
97,97_Answer3,0
97,97_Answer6,0
97,97_Answer7,0
98,98_Answer4,1
98,98_Answer2,1
98,98_Answer1,1
98,98_Answer3,0
99,99_Answer2,1
99,99_Answer1,1
99,99_Answer3,0
99,99_Answer5,0
99,99_Answer6,0
101,101_Answer8,1
101,101_Answer4,1
101,101_Answer5,1
101,101_Answer3,1
101,101_Answer7,1
101,101_Answer6,0
101,101_Answer2,0
101,101_Answer1,0
103,103_Answer5,1
103,103_Answer1,1
103,103_Answer2,1
103,103_Answer3,1
103,103_Answer4,0
103,103_Answer6,0
105,105_Answer5,1
105,105_Answer7,1
105,105_Answer8,1
105,105_Answer4,1
105,105_Answer6,1
105,105_Answer1,0
105,105_Answer3,0
105,105_Answer2,0
106,106_Answer1,1
106,106_Answer2,1
106,106_Answer8,0
106,106_Answer6,0
106,106_Answer4,0
106,106_Answer7,0
106,106_Answer5,0
106,106_Answer3,0
107,107_Answer4,1
107,107_Answer3,1
107,107_Answer6,1
107,107_Answer7,0
107,107_Answer1,0
107,107_Answer8,0
107,107_Answer2,0
108,108_Answer6,1
108,108_Answer9,1
108,108_Answer7,1
108,108_Answer8,0
108,108_Answer5,0
108,108_Answer2,0
108,108_Answer3,0
108,108_Answer4,0
108,108_Answer1,0
109,109_Answer1,1
109,109_Answer2,0
109,109_Answer8,0
109,109_Answer3,0
109,109_Answer6,0
109,109_Answer7,0
109,109_Answer9,0
109,109_Answer4,0
109,109_Answer5,0
110,110_Answer1,1
110,110_Answer5,1
110,110_Answer3,1
110,110_Answer2,1
110,110_Answer6,0
110,110_Answer4,0
111,111_Answer2,1
111,111_Answer7,1
111,111_Answer4,1
111,111_Answer3,1
111,111_Answer1,1
111,111_Answer5,1
111,111_Answer6,1
112,112_Answer1,0
112,112_Answer7,0
112,112_Answer9,0
112,112_Answer2,0
112,112_Answer8,0
112,112_Answer4,0
112,112_Answer5,0
112,112_Answer3,0
112,112_Answer6,0
113,113_Answer4,0
113,113_Answer2,0
113,113_Answer9,0
113,113_Answer6,0
113,113_Answer5,0
113,113_Answer1,0
113,113_Answer3,0
113,113_Answer8,0
113,113_Answer7,0
115,115_Answer3,1
115,115_Answer7,1
115,115_Answer10,1
115,115_Answer6,1
115,115_Answer8,1
115,115_Answer4,0
115,115_Answer9,0
115,115_Answer1,0
115,115_Answer2,0
116,116_Answer6,1
116,116_Answer8,1
116,116_Answer1,1
116,116_Answer2,1
116,116_Answer3,1
116,116_Answer7,1
116,116_Answer4,0
116,116_Answer5,0
117,117_Answer3,1
117,117_Answer6,1
117,117_Answer1,1
117,117_Answer2,0
117,117_Answer4,0
117,117_Answer5,0
118,118_Answer4,1
118,118_Answer1,1
118,118_Answer2,0
118,118_Answer3,0
118,118_Answer5,0
118,118_Answer7,0
118,118_Answer6,0
119,119_Answer1,1
119,119_Answer5,1
119,119_Answer2,1
119,119_Answer4,1
119,119_Answer7,1
119,119_Answer3,0
119,119_Answer8,0
119,119_Answer9,0
119,119_Answer6,0
121,121_Answer5,1
121,121_Answer10,1
121,121_Answer4,1
121,121_Answer6,1
121,121_Answer1,1
121,121_Answer9,1
121,121_Answer3,0
121,121_Answer2,0
121,121_Answer8,0
121,121_Answer11,0
122,122_Answer4,1
122,122_Answer6,0
122,122_Answer7,0
122,122_Answer1,0
122,122_Answer5,0
122,122_Answer2,0
122,122_Answer3,0
123,123_Answer6,1
123,123_Answer7,1
123,123_Answer4,1
123,123_Answer3,1
123,123_Answer8,1
123,123_Answer9,0
123,123_Answer5,0
123,123_Answer2,0
123,123_Answer1,0
124,124_Answer5,1
124,124_Answer4,1
124,124_Answer2,1
124,124_Answer1,0
124,124_Answer3,0
127,127_Answer3,1
127,127_Answer2,1
127,127_Answer7,1
127,127_Answer5,1
127,127_Answer9,1
127,127_Answer4,1
127,127_Answer8,0
127,127_Answer1,0
127,127_Answer6,0
129,129_Answer5,1
129,129_Answer10,1
129,129_Answer4,1
129,129_Answer6,1
129,129_Answer1,1
129,129_Answer9,1
129,129_Answer2,0
129,129_Answer3,0
129,129_Answer11,0
129,129_Answer8,0
130,130_Answer3,1
130,130_Answer10,1
130,130_Answer7,1
130,130_Answer2,1
130,130_Answer1,1
130,130_Answer5,1
130,130_Answer4,1
130,130_Answer8,0
130,130_Answer9,0
130,130_Answer6,0
131,131_Answer8,1
131,131_Answer3,1
131,131_Answer1,1
131,131_Answer5,1
131,131_Answer7,1
131,131_Answer4,1
131,131_Answer9,1
131,131_Answer2,1
131,131_Answer6,0
132,132_Answer5,0
132,132_Answer2,0
132,132_Answer6,0
132,132_Answer1,0
132,132_Answer4,0
132,132_Answer3,0
132,132_Answer8,0
132,132_Answer7,0
132,132_Answer9,0
133,133_Answer4,0
133,133_Answer1,0
133,133_Answer6,0
133,133_Answer3,0
133,133_Answer2,0
133,133_Answer10,0
133,133_Answer9,0
133,133_Answer8,0
133,133_Answer7,0
133,133_Answer5,0
134,134_Answer2,0
134,134_Answer6,0
134,134_Answer1,0
134,134_Answer3,0
134,134_Answer5,0
134,134_Answer4,0
134,134_Answer7,0
135,135_Answer1,1
135,135_Answer7,1
135,135_Answer4,1
135,135_Answer3,0
135,135_Answer6,0
135,135_Answer8,0
135,135_Answer9,0
135,135_Answer5,0
135,135_Answer2,0
137,137_Answer7,1
137,137_Answer5,1
137,137_Answer3,0
137,137_Answer4,0
137,137_Answer1,0
137,137_Answer6,0
137,137_Answer2,0
138,138_Answer7,0
138,138_Answer1,0
138,138_Answer6,0
138,138_Answer5,0
138,138_Answer4,0
138,138_Answer2,0
138,138_Answer3,0
139,139_Answer3,1
139,139_Answer2,0
139,139_Answer4,0
139,139_Answer1,0
140,140_Answer8,0
140,140_Answer10,0
140,140_Answer4,0
140,140_Answer6,0
140,140_Answer1,0
140,140_Answer7,0
140,140_Answer5,0
140,140_Answer3,0
140,140_Answer2,0
140,140_Answer9,0
142,142_Answer2,1
142,142_Answer4,1
142,142_Answer3,1
142,142_Answer1,0
143,143_Answer6,1
143,143_Answer8,1
143,143_Answer2,1
143,143_Answer5,1
143,143_Answer9,1
143,143_Answer7,1
143,143_Answer4,1
143,143_Answer1,1
143,143_Answer3,0
144,144_Answer6,1
144,144_Answer10,1
144,144_Answer4,1
144,144_Answer1,1
144,144_Answer3,1
144,144_Answer2,0
144,144_Answer8,0
144,144_Answer9,0
144,144_Answer7,0
144,144_Answer5,0
145,145_Answer6,1
145,145_Answer1,1
145,145_Answer2,1
145,145_Answer9,1
145,145_Answer10,0
145,145_Answer5,0
145,145_Answer3,0
145,145_Answer7,0
145,145_Answer8,0
145,145_Answer11,0
145,145_Answer4,0
147,147_Answer4,1
147,147_Answer5,1
147,147_Answer3,0
147,147_Answer2,0
147,147_Answer1,0
148,148_Answer7,1
148,148_Answer3,1
148,148_Answer5,1
148,148_Answer6,1
148,148_Answer2,1
148,148_Answer9,0
148,148_Answer8,0
148,148_Answer1,0
148,148_Answer4,0
150,150_Answer5,1
150,150_Answer1,1
150,150_Answer2,1
150,150_Answer3,1
150,150_Answer6,0
150,150_Answer4,0
150,150_Answer7,0
152,152_Answer1,1
152,152_Answer2,1
152,152_Answer6,1
152,152_Answer7,0
152,152_Answer5,0
152,152_Answer3,0
152,152_Answer4,0
153,153_Answer4,1
153,153_Answer3,1
153,153_Answer8,0
153,153_Answer6,0
153,153_Answer5,0
153,153_Answer7,0
153,153_Answer9,0
153,153_Answer2,0
153,153_Answer1,0
153,153_Answer10,0
154,154_Answer2,1
154,154_Answer4,1
154,154_Answer9,0
154,154_Answer5,0
154,154_Answer11,0
154,154_Answer7,0
154,154_Answer6,0
154,154_Answer10,0
154,154_Answer1,0
154,154_Answer8,0
154,154_Answer3,0
155,155_Answer2,1
155,155_Answer6,1
155,155_Answer1,1
155,155_Answer4,1
155,155_Answer10,1
155,155_Answer8,1
155,155_Answer9,1
155,155_Answer3,1
155,155_Answer5,0
155,155_Answer7,0
156,156_Answer4,1
156,156_Answer3,1
156,156_Answer1,0
156,156_Answer5,0
156,156_Answer2,0
157,157_Answer3,1
157,157_Answer4,1
157,157_Answer2,1
157,157_Answer5,1
157,157_Answer1,1
157,157_Answer6,1
158,158_Answer6,1
158,158_Answer2,1
158,158_Answer7,1
158,158_Answer10,1
158,158_Answer9,1
158,158_Answer8,0
158,158_Answer4,0
158,158_Answer1,0
158,158_Answer5,0
158,158_Answer3,0
159,159_Answer6,1
159,159_Answer5,1
159,159_Answer8,1
159,159_Answer1,1
159,159_Answer2,1
159,159_Answer9,1
159,159_Answer3,0
159,159_Answer7,0
159,159_Answer4,0
160,160_Answer4,1
160,160_Answer2,1
160,160_Answer6,0
160,160_Answer1,0
160,160_Answer7,0
160,160_Answer3,0
160,160_Answer5,0
161,161_Answer2,1
161,161_Answer3,1
161,161_Answer4,0
161,161_Answer6,0
161,161_Answer5,0
161,161_Answer1,0
161,161_Answer7,0
162,162_Answer3,1
162,162_Answer1,1
162,162_Answer4,1
162,162_Answer7,1
162,162_Answer2,1
162,162_Answer6,0
162,162_Answer5,0
163,163_Answer5,1
163,163_Answer4,1
163,163_Answer3,1
163,163_Answer2,1
163,163_Answer6,0
163,163_Answer7,0
165,165_Answer6,1
165,165_Answer1,1
165,165_Answer2,0
165,165_Answer10,0
165,165_Answer8,0
165,165_Answer5,0
165,165_Answer4,0
165,165_Answer7,0
165,165_Answer3,0
165,165_Answer9,0
166,166_Answer6,1
166,166_Answer5,1
166,166_Answer8,1
166,166_Answer1,1
166,166_Answer2,1
166,166_Answer9,1
166,166_Answer3,0
166,166_Answer7,0
166,166_Answer4,0
167,167_Answer5,1
167,167_Answer3,1
167,167_Answer1,1
167,167_Answer4,1
167,167_Answer2,1
168,168_Answer6,1
168,168_Answer1,0
168,168_Answer3,0
168,168_Answer5,0
168,168_Answer7,0
168,168_Answer2,0
168,168_Answer4,0
169,169_Answer4,1
169,169_Answer3,1
169,169_Answer8,0
169,169_Answer6,0
169,169_Answer9,0
169,169_Answer5,0
169,169_Answer7,0
169,169_Answer2,0
169,169_Answer1,0
169,169_Answer10,0
170,170_Answer1,1
170,170_Answer2,1
170,170_Answer4,1
170,170_Answer3,1
170,170_Answer9,1
170,170_Answer6,1
170,170_Answer7,1
170,170_Answer5,0
170,170_Answer8,0
171,171_Answer7,1
171,171_Answer6,1
171,171_Answer9,1
171,171_Answer2,1
171,171_Answer8,1
171,171_Answer5,1
171,171_Answer3,1
171,171_Answer1,0
171,171_Answer4,0
171,171_Answer10,0
174,174_Answer8,1
174,174_Answer7,1
174,174_Answer5,1
174,174_Answer3,1
174,174_Answer6,1
174,174_Answer1,1
174,174_Answer2,0
174,174_Answer9,0
176,176_Answer1,1
176,176_Answer3,1
176,176_Answer2,1
176,176_Answer4,0
176,176_Answer5,0
177,177_Answer4,1
177,177_Answer2,1
177,177_Answer1,1
177,177_Answer7,0
177,177_Answer8,0
177,177_Answer9,0
177,177_Answer11,0
177,177_Answer3,0
177,177_Answer6,0
177,177_Answer5,0
177,177_Answer10,0
179,179_Answer5,1
179,179_Answer6,1
179,179_Answer1,1
179,179_Answer4,1
179,179_Answer2,1
179,179_Answer3,0
179,179_Answer7,0
179,179_Answer10,0
179,179_Answer9,0
179,179_Answer8,0
180,180_Answer3,1
180,180_Answer2,0
180,180_Answer4,0
180,180_Answer1,0
181,181_Answer5,0
181,181_Answer4,0
181,181_Answer7,0
181,181_Answer6,0
181,181_Answer2,0
181,181_Answer3,0
181,181_Answer1,0
181,181_Answer9,0
181,181_Answer8,0
182,182_Answer2,0
182,182_Answer4,0
182,182_Answer6,0
182,182_Answer1,0
182,182_Answer3,0
182,182_Answer5,0
182,182_Answer8,0
183,183_Answer2,1
183,183_Answer7,0
183,183_Answer1,0
183,183_Answer6,0
183,183_Answer5,0
183,183_Answer3,0
183,183_Answer4,0
184,184_Answer1,1
184,184_Answer3,0
184,184_Answer2,0
185,185_Answer5,1
185,185_Answer4,1
185,185_Answer2,1
185,185_Answer3,1
185,185_Answer8,1
185,185_Answer1,1
185,185_Answer6,1
185,185_Answer7,1
185,185_Answer9,0
186,186_Answer4,1
186,186_Answer7,1
186,186_Answer6,1
186,186_Answer2,1
186,186_Answer5,1
186,186_Answer1,1
186,186_Answer8,1
186,186_Answer3,1
186,186_Answer9,1
187,187_Answer4,1
187,187_Answer8,1
187,187_Answer2,1
187,187_Answer6,1
187,187_Answer5,1
187,187_Answer7,1
187,187_Answer3,1
187,187_Answer1,1
187,187_Answer9,1
188,188_Answer3,1
188,188_Answer5,1
188,188_Answer6,1
188,188_Answer2,1
188,188_Answer1,0
188,188_Answer4,0
188,188_Answer7,0
188,188_Answer8,0
189,189_Answer2,1
189,189_Answer7,1
189,189_Answer1,0
189,189_Answer4,0
189,189_Answer9,0
189,189_Answer3,0
189,189_Answer8,0
189,189_Answer5,0
189,189_Answer6,0
190,190_Answer4,1
190,190_Answer1,1
190,190_Answer3,1
190,190_Answer5,1
190,190_Answer2,0
190,190_Answer6,0
190,190_Answer7,0
191,191_Answer1,1
191,191_Answer2,1
191,191_Answer8,0
191,191_Answer5,0
191,191_Answer4,0
191,191_Answer9,0
191,191_Answer3,0
191,191_Answer6,0
191,191_Answer7,0
193,193_Answer3,1
193,193_Answer8,0
193,193_Answer2,0
193,193_Answer6,0
193,193_Answer1,0
193,193_Answer4,0
193,193_Answer5,0
193,193_Answer7,0
195,195_Answer4,1
195,195_Answer8,0
195,195_Answer10,0
195,195_Answer1,0
195,195_Answer6,0
195,195_Answer5,0
195,195_Answer9,0
195,195_Answer2,0
195,195_Answer3,0
195,195_Answer7,0
